<?xml version="1.0" encoding="UTF-8"?>
<project version="4">
  <component name="ChangeListManager">
    <list default="true" id="95f8d03d-8dc4-4d46-8000-aa6340c8b77a" name="Default Changelist" comment="" />
    <ignored path="$PROJECT_DIR$/out/" />
    <option name="EXCLUDED_CONVERTED_TO_IGNORED" value="true" />
    <option name="SHOW_DIALOG" value="false" />
    <option name="HIGHLIGHT_CONFLICTS" value="true" />
    <option name="HIGHLIGHT_NON_ACTIVE_CHANGELIST" value="false" />
    <option name="LAST_RESOLUTION" value="IGNORE" />
  </component>
  <component name="FUSProjectUsageTrigger">
    <session id="1617807225">
      <usages-collector id="statistics.lifecycle.project">
        <counts>
          <entry key="project.closed" value="1" />
          <entry key="project.open.time.3" value="1" />
          <entry key="project.opened" value="1" />
        </counts>
      </usages-collector>
      <usages-collector id="statistics.file.extensions.edit" />
      <usages-collector id="statistics.file.types.edit" />
      <usages-collector id="statistics.file.extensions.open">
        <counts>
          <entry key="iml" value="1" />
        </counts>
      </usages-collector>
      <usages-collector id="statistics.file.types.open">
        <counts>
          <entry key="IDEA_MODULE" value="1" />
        </counts>
      </usages-collector>
      <usages-collector id="statistics.js.language.service.starts" />
    </session>
  </component>
  <component name="FileEditorManager">
    <leaf>
      <file pinned="false" current-in-tab="true">
        <entry file="file://$PROJECT_DIR$/rename.iml">
          <provider selected="true" editor-type-id="text-editor" />
        </entry>
      </file>
    </leaf>
  </component>
  <component name="JsBuildToolGruntFileManager" detection-done="true" sorting="DEFINITION_ORDER" />
  <component name="JsBuildToolPackageJson" detection-done="true" sorting="DEFINITION_ORDER" />
  <component name="JsGulpfileManager">
    <detection-done>true</detection-done>
    <sorting>DEFINITION_ORDER</sorting>
  </component>
  <component name="ProjectFrameBounds">
    <option name="x" value="260" />
    <option name="y" value="20" />
    <option name="width" value="1400" />
    <option name="height" value="1000" />
  </component>
  <component name="ProjectView">
    <navigator proportions="" version="1">
      <foldersAlwaysOnTop value="true" />
    </navigator>
    <panes>
      <pane id="PackagesPane" />
      <pane id="AndroidView" />
      <pane id="Scope" />
      <pane id="ProjectPane" />
    </panes>
  </component>
  <component name="PropertiesComponent">
    <property name="WebServerToolWindowFactoryState" value="false" />
    <property name="aspect.path.notification.shown" value="true" />
    <property name="last_opened_file_path" value="$PROJECT_DIR$/../bluejIJ" />
  </component>
  <component name="RunDashboard">
    <option name="ruleStates">
      <list>
        <RuleState>
          <option name="name" value="ConfigurationTypeDashboardGroupingRule" />
        </RuleState>
        <RuleState>
          <option name="name" value="StatusDashboardGroupingRule" />
        </RuleState>
      </list>
    </option>
  </component>
  <component name="SvnConfiguration">
    <configuration />
  </component>
  <component name="TaskManager">
    <task active="true" id="Default" summary="Default task">
      <changelist id="95f8d03d-8dc4-4d46-8000-aa6340c8b77a" name="Default Changelist" comment="" />
      <created>1532968410669</created>
      <option name="number" value="Default" />
      <option name="presentableId" value="Default" />
      <updated>1532968410669</updated>
      <workItem from="1532968413591" duration="636000" />
    </task>
    <servers />
  </component>
  <component name="TimeTrackingManager">
    <option name="totallyTimeSpent" value="636000" />
  </component>
  <component name="ToolWindowManager">
    <frame x="260" y="20" width="1400" height="1000" extended-state="0" />
    <layout>
      <window_info id="Image Layers" />
      <window_info id="Designer" />
      <window_info id="UI Designer" />
      <window_info id="Capture Tool" />
      <window_info id="Favorites" side_tool="true" />
      <window_info active="true" content_ui="combo" id="Project" order="0" visible="true" weight="0.25" />
      <window_info id="Structure" order="1" side_tool="true" weight="0.25" />
      <window_info anchor="bottom" id="Database Changes" show_stripe_button="false" />
      <window_info anchor="bottom" id="Version Control" show_stripe_button="false" />
      <window_info anchor="bottom" id="Terminal" />
      <window_info anchor="bottom" id="Event Log" side_tool="true" />
      <window_info anchor="bottom" id="Message" order="0" />
      <window_info anchor="bottom" id="Find" order="1" />
      <window_info anchor="bottom" id="Run" order="2" />
      <window_info anchor="bottom" id="Debug" order="3" weight="0.4" />
      <window_info anchor="bottom" id="Cvs" order="4" weight="0.25" />
      <window_info anchor="bottom" id="Inspection" order="5" weight="0.4" />
      <window_info anchor="bottom" id="TODO" order="6" />
      <window_info anchor="right" id="Palette" />
      <window_info anchor="right" id="Theme Preview" />
      <window_info anchor="right" id="Capture Analysis" />
      <window_info anchor="right" id="Palette&#9;" />
      <window_info anchor="right" id="Database" />
      <window_info anchor="right" id="Maven Projects" />
      <window_info anchor="right" id="Commander" internal_type="SLIDING" order="0" type="SLIDING" weight="0.4" />
      <window_info anchor="right" id="Ant Build" order="1" weight="0.25" />
      <window_info anchor="right" content_ui="combo" id="Hierarchy" order="2" weight="0.25" />
    </layout>
  </component>
  <component name="TypeScriptGeneratedFilesManager">
    <option name="version" value="1" />
  </component>
  <component name="VcsContentAnnotationSettings">
    <option name="myLimit" value="2678400000" />
  </component>
  <component name="editorHistoryManager">
    <entry file="file://$PROJECT_DIR$/rename.iml">
      <provider selected="true" editor-type-id="text-editor" />
    </entry>
  </component>
</project>